{
  "Labels": "1-Node",
  "StartTime": "2018-01-15T12:42:56.899095018-05:00",
  "RequestedQPS": "10",
  "RequestedDuration": "5s",
  "ActualQPS": 9.988372719103749,
  "ActualDuration": 5005820408,
  "NumThreads": 1,
  "Version": "0.6.0",
  "DurationHistogram": {
    "Count": 50,
    "Min": 0.000299112,
    "Max": 0.003141162,
    "Sum": 0.03457002399999999,
    "Avg": 0.0006914004799999998,
    "StdDev": 0.000522743548795822,
    "Data": [
      {
        "Start": 0.000299112,
        "End": 0.001,
        "Percent": 90,
        "Count": 45
      },
      {
        "Start": 0.001,
        "End": 0.002,
        "Percent": 96,
        "Count": 3
      },
      {
        "Start": 0.002,
        "End": 0.003,
        "Percent": 98,
        "Count": 1
      },
      {
        "Start": 0.003,
        "End": 0.003141162,
        "Percent": 100,
        "Count": 1
      }
    ],
    "Percentiles": [
      {
        "Percentile": 50,
        "Value": 0.0006814145454545454
      },
      {
        "Percentile": 75,
        "Value": 0.0008805304545454545
      },
      {
        "Percentile": 99,
        "Value": 0.003070581
      },
      {
        "Percentile": 99.9,
        "Value": 0.0031341039000000004
      }
    ]
  },
  "RetCodes": {
    "200": 50
  },
  "Sizes": {
    "Count": 50,
    "Min": 156,
    "Max": 156,
    "Sum": 7800,
    "Avg": 156,
    "StdDev": 0,
    "Data": [
      {
        "Start": 156,
        "End": 156,
        "Percent": 100,
        "Count": 50
      }
    ],
    "Percentiles": null
  },
  "HeaderSizes": {
    "Count": 50,
    "Min": 134,
    "Max": 134,
    "Sum": 6700,
    "Avg": 134,
    "StdDev": 0,
    "Data": [
      {
        "Start": 134,
        "End": 134,
        "Percent": 100,
        "Count": 50
      }
    ],
    "Percentiles": null
  },
  "URL": "http://127.0.0.1:3301"
}
