{
  "Labels": "1-Node",
  "StartTime": "2018-01-15T12:43:01.936566928-05:00",
  "RequestedQPS": "1000",
  "RequestedDuration": "5s",
  "ActualQPS": 999.2220213220621,
  "ActualDuration": 5003892922,
  "NumThreads": 10,
  "Version": "0.6.0",
  "DurationHistogram": {
    "Count": 5000,
    "Min": 0.000186633,
    "Max": 0.007419064,
    "Sum": 6.3578295549999995,
    "Avg": 0.001271565911,
    "StdDev": 0.0006914720513464122,
    "Data": [
      {
        "Start": 0.000186633,
        "End": 0.001,
        "Percent": 40.56,
        "Count": 2028
      },
      {
        "Start": 0.001,
        "End": 0.002,
        "Percent": 88.02,
        "Count": 2373
      },
      {
        "Start": 0.002,
        "End": 0.003,
        "Percent": 97.72,
        "Count": 485
      },
      {
        "Start": 0.003,
        "End": 0.004,
        "Percent": 99.3,
        "Count": 79
      },
      {
        "Start": 0.004,
        "End": 0.005,
        "Percent": 99.72,
        "Count": 21
      },
      {
        "Start": 0.005,
        "End": 0.006,
        "Percent": 99.94,
        "Count": 11
      },
      {
        "Start": 0.006,
        "End": 0.007,
        "Percent": 99.96,
        "Count": 1
      },
      {
        "Start": 0.007,
        "End": 0.007419064,
        "Percent": 100,
        "Count": 2
      }
    ],
    "Percentiles": [
      {
        "Percentile": 50,
        "Value": 0.0011989043404972608
      },
      {
        "Percentile": 75,
        "Value": 0.0017256637168141594
      },
      {
        "Percentile": 99,
        "Value": 0.003810126582278483
      },
      {
        "Percentile": 99.9,
        "Value": 0.005818181818181853
      }
    ]
  },
  "RetCodes": {
    "200": 5000
  },
  "Sizes": {
    "Count": 5000,
    "Min": 156,
    "Max": 156,
    "Sum": 780000,
    "Avg": 156,
    "StdDev": 0,
    "Data": [
      {
        "Start": 156,
        "End": 156,
        "Percent": 100,
        "Count": 5000
      }
    ],
    "Percentiles": null
  },
  "HeaderSizes": {
    "Count": 5000,
    "Min": 134,
    "Max": 134,
    "Sum": 670000,
    "Avg": 134,
    "StdDev": 0,
    "Data": [
      {
        "Start": 134,
        "End": 134,
        "Percent": 100,
        "Count": 5000
      }
    ],
    "Percentiles": null
  },
  "URL": "http://127.0.0.1:3301"
}
