{
  "Labels": "2-Spring-Boot-Tomcat",
  "StartTime": "2018-01-15T12:43:22.235052321-05:00",
  "RequestedQPS": "1000",
  "RequestedDuration": "5s",
  "ActualQPS": 999.2922654429502,
  "ActualDuration": 5003541179,
  "NumThreads": 10,
  "Version": "0.6.0",
  "DurationHistogram": {
    "Count": 5000,
    "Min": 0.00003667,
    "Max": 0.016713832,
    "Sum": 8.840990987999994,
    "Avg": 0.001768198197599999,
    "StdDev": 0.0011028878936218385,
    "Data": [
      {
        "Start": 0.00003667,
        "End": 0.001,
        "Percent": 8.98,
        "Count": 449
      },
      {
        "Start": 0.001,
        "End": 0.002,
        "Percent": 76.06,
        "Count": 3354
      },
      {
        "Start": 0.002,
        "End": 0.003,
        "Percent": 91.9,
        "Count": 792
      },
      {
        "Start": 0.003,
        "End": 0.004,
        "Percent": 97.06,
        "Count": 258
      },
      {
        "Start": 0.004,
        "End": 0.005,
        "Percent": 98.64,
        "Count": 79
      },
      {
        "Start": 0.005,
        "End": 0.006,
        "Percent": 99.2,
        "Count": 28
      },
      {
        "Start": 0.006,
        "End": 0.007,
        "Percent": 99.48,
        "Count": 14
      },
      {
        "Start": 0.007,
        "End": 0.008,
        "Percent": 99.62,
        "Count": 7
      },
      {
        "Start": 0.008,
        "End": 0.009000000000000001,
        "Percent": 99.64,
        "Count": 1
      },
      {
        "Start": 0.009000000000000001,
        "End": 0.01,
        "Percent": 99.7,
        "Count": 3
      },
      {
        "Start": 0.01,
        "End": 0.011,
        "Percent": 99.74,
        "Count": 2
      },
      {
        "Start": 0.012,
        "End": 0.014,
        "Percent": 99.86,
        "Count": 6
      },
      {
        "Start": 0.014,
        "End": 0.016,
        "Percent": 99.9,
        "Count": 2
      },
      {
        "Start": 0.016,
        "End": 0.016713832,
        "Percent": 100,
        "Count": 5
      }
    ],
    "Percentiles": [
      {
        "Percentile": 50,
        "Value": 0.0016115086463923674
      },
      {
        "Percentile": 75,
        "Value": 0.0019841979725700653
      },
      {
        "Percentile": 99,
        "Value": 0.00564285714285714
      },
      {
        "Percentile": 99.9,
        "Value": 0.016
      }
    ]
  },
  "RetCodes": {
    "-1": 40,
    "200": 4960
  },
  "Sizes": {
    "Count": 5000,
    "Min": 0,
    "Max": 160,
    "Sum": 700120,
    "Avg": 140.024,
    "StdDev": 12.687924337731564,
    "Data": [
      {
        "Start": 0,
        "End": 0,
        "Percent": 0.8,
        "Count": 40
      },
      {
        "Start": 100,
        "End": 160,
        "Percent": 100,
        "Count": 4960
      }
    ],
    "Percentiles": null
  },
  "HeaderSizes": {
    "Count": 5000,
    "Min": 0,
    "Max": 133,
    "Sum": 566200,
    "Avg": 113.24,
    "StdDev": 10.309141574350408,
    "Data": [
      {
        "Start": 0,
        "End": 0,
        "Percent": 0.8,
        "Count": 40
      },
      {
        "Start": 100,
        "End": 125,
        "Percent": 99.2,
        "Count": 4920
      },
      {
        "Start": 125,
        "End": 133,
        "Percent": 100,
        "Count": 40
      }
    ],
    "Percentiles": null
  },
  "URL": "http://127.0.0.1:3302"
}
