{
  "Labels": "2-Spring-Boot-Tomcat",
  "StartTime": "2018-01-15T12:43:17.179972128-05:00",
  "RequestedQPS": "10",
  "RequestedDuration": "5s",
  "ActualQPS": 9.993033514575243,
  "ActualDuration": 5003485671,
  "NumThreads": 1,
  "Version": "0.6.0",
  "DurationHistogram": {
    "Count": 50,
    "Min": 0.00136386,
    "Max": 0.011594764,
    "Sum": 0.13275807399999995,
    "Avg": 0.002655161479999999,
    "StdDev": 0.0016111404608452535,
    "Data": [
      {
        "Start": 0.00136386,
        "End": 0.002,
        "Percent": 30,
        "Count": 15
      },
      {
        "Start": 0.002,
        "End": 0.003,
        "Percent": 84,
        "Count": 27
      },
      {
        "Start": 0.003,
        "End": 0.004,
        "Percent": 88,
        "Count": 2
      },
      {
        "Start": 0.004,
        "End": 0.005,
        "Percent": 92,
        "Count": 2
      },
      {
        "Start": 0.005,
        "End": 0.006,
        "Percent": 98,
        "Count": 3
      },
      {
        "Start": 0.011,
        "End": 0.011594764,
        "Percent": 100,
        "Count": 1
      }
    ],
    "Percentiles": [
      {
        "Percentile": 50,
        "Value": 0.0023703703703703703
      },
      {
        "Percentile": 75,
        "Value": 0.0028333333333333335
      },
      {
        "Percentile": 99,
        "Value": 0.011297382
      },
      {
        "Percentile": 99.9,
        "Value": 0.011565025800000002
      }
    ]
  },
  "RetCodes": {
    "200": 50
  },
  "Sizes": {
    "Count": 50,
    "Min": 141,
    "Max": 141,
    "Sum": 7050,
    "Avg": 141,
    "StdDev": 0,
    "Data": [
      {
        "Start": 141,
        "End": 141,
        "Percent": 100,
        "Count": 50
      }
    ],
    "Percentiles": null
  },
  "HeaderSizes": {
    "Count": 50,
    "Min": 114,
    "Max": 114,
    "Sum": 5700,
    "Avg": 114,
    "StdDev": 0,
    "Data": [
      {
        "Start": 114,
        "End": 114,
        "Percent": 100,
        "Count": 50
      }
    ],
    "Percentiles": null
  },
  "URL": "http://127.0.0.1:3302"
}
