{
  "Labels": "3-Spring-Boot-Jetty",
  "StartTime": "2018-01-15T12:43:42.474414501-05:00",
  "RequestedQPS": "1000",
  "RequestedDuration": "5s",
  "ActualQPS": 999.3725693164179,
  "ActualDuration": 5003139123,
  "NumThreads": 10,
  "Version": "0.6.0",
  "DurationHistogram": {
    "Count": 5000,
    "Min": 0.000398327,
    "Max": 0.013003832,
    "Sum": 8.284630199999999,
    "Avg": 0.0016569260399999998,
    "StdDev": 0.0011194392877879823,
    "Data": [
      {
        "Start": 0.000398327,
        "End": 0.001,
        "Percent": 23.42,
        "Count": 1171
      },
      {
        "Start": 0.001,
        "End": 0.002,
        "Percent": 77.7,
        "Count": 2714
      },
      {
        "Start": 0.002,
        "End": 0.003,
        "Percent": 91.84,
        "Count": 707
      },
      {
        "Start": 0.003,
        "End": 0.004,
        "Percent": 96.54,
        "Count": 235
      },
      {
        "Start": 0.004,
        "End": 0.005,
        "Percent": 97.86,
        "Count": 66
      },
      {
        "Start": 0.005,
        "End": 0.006,
        "Percent": 98.56,
        "Count": 35
      },
      {
        "Start": 0.006,
        "End": 0.007,
        "Percent": 99.2,
        "Count": 32
      },
      {
        "Start": 0.007,
        "End": 0.008,
        "Percent": 99.6,
        "Count": 20
      },
      {
        "Start": 0.008,
        "End": 0.009000000000000001,
        "Percent": 99.78,
        "Count": 9
      },
      {
        "Start": 0.009000000000000001,
        "End": 0.01,
        "Percent": 99.88,
        "Count": 5
      },
      {
        "Start": 0.012,
        "End": 0.013003832,
        "Percent": 100,
        "Count": 6
      }
    ],
    "Percentiles": [
      {
        "Percentile": 50,
        "Value": 0.001489683124539425
      },
      {
        "Percentile": 75,
        "Value": 0.0019502579218865146
      },
      {
        "Percentile": 99,
        "Value": 0.006687499999999996
      },
      {
        "Percentile": 99.9,
        "Value": 0.012167305333333413
      }
    ]
  },
  "RetCodes": {
    "200": 5000
  },
  "Sizes": {
    "Count": 5000,
    "Min": 143,
    "Max": 143,
    "Sum": 715000,
    "Avg": 143,
    "StdDev": 0,
    "Data": [
      {
        "Start": 143,
        "End": 143,
        "Percent": 100,
        "Count": 5000
      }
    ],
    "Percentiles": null
  },
  "HeaderSizes": {
    "Count": 5000,
    "Min": 116,
    "Max": 116,
    "Sum": 580000,
    "Avg": 116,
    "StdDev": 0,
    "Data": [
      {
        "Start": 116,
        "End": 116,
        "Percent": 100,
        "Count": 5000
      }
    ],
    "Percentiles": null
  },
  "URL": "http://127.0.0.1:3303"
}
