{
  "Labels": "3-Spring-Boot-Jetty",
  "StartTime": "2018-01-15T12:43:37.42078153-05:00",
  "RequestedQPS": "10",
  "RequestedDuration": "5s",
  "ActualQPS": 9.990228469619854,
  "ActualDuration": 5004890544,
  "NumThreads": 1,
  "Version": "0.6.0",
  "DurationHistogram": {
    "Count": 50,
    "Min": 0.001244891,
    "Max": 0.00408975,
    "Sum": 0.09468450600000002,
    "Avg": 0.0018936901200000003,
    "StdDev": 0.0005641222291595891,
    "Data": [
      {
        "Start": 0.001244891,
        "End": 0.002,
        "Percent": 78,
        "Count": 39
      },
      {
        "Start": 0.002,
        "End": 0.003,
        "Percent": 94,
        "Count": 8
      },
      {
        "Start": 0.003,
        "End": 0.004,
        "Percent": 98,
        "Count": 2
      },
      {
        "Start": 0.004,
        "End": 0.00408975,
        "Percent": 100,
        "Count": 1
      }
    ],
    "Percentiles": [
      {
        "Percentile": 50,
        "Value": 0.001721801947368421
      },
      {
        "Percentile": 75,
        "Value": 0.0019701930657894736
      },
      {
        "Percentile": 99,
        "Value": 0.004044875
      },
      {
        "Percentile": 99.9,
        "Value": 0.0040852625
      }
    ]
  },
  "RetCodes": {
    "200": 50
  },
  "Sizes": {
    "Count": 50,
    "Min": 143,
    "Max": 143,
    "Sum": 7150,
    "Avg": 143,
    "StdDev": 0,
    "Data": [
      {
        "Start": 143,
        "End": 143,
        "Percent": 100,
        "Count": 50
      }
    ],
    "Percentiles": null
  },
  "HeaderSizes": {
    "Count": 50,
    "Min": 116,
    "Max": 116,
    "Sum": 5800,
    "Avg": 116,
    "StdDev": 0,
    "Data": [
      {
        "Start": 116,
        "End": 116,
        "Percent": 100,
        "Count": 50
      }
    ],
    "Percentiles": null
  },
  "URL": "http://127.0.0.1:3303"
}
