{
  "Labels": "4-Green-Lightning",
  "StartTime": "2018-01-15T12:43:57.521973428-05:00",
  "RequestedQPS": "10",
  "RequestedDuration": "5s",
  "ActualQPS": 9.98973611755212,
  "ActualDuration": 5005137214,
  "NumThreads": 1,
  "Version": "0.6.0",
  "DurationHistogram": {
    "Count": 50,
    "Min": 0.000366014,
    "Max": 0.001748477,
    "Sum": 0.031690621,
    "Avg": 0.00063381242,
    "StdDev": 0.0003801471793526863,
    "Data": [
      {
        "Start": 0.000366014,
        "End": 0.001,
        "Percent": 84,
        "Count": 42
      },
      {
        "Start": 0.001,
        "End": 0.001748477,
        "Percent": 100,
        "Count": 8
      }
    ],
    "Percentiles": [
      {
        "Percentile": 50,
        "Value": 0.000737127756097561
      },
      {
        "Percentile": 75,
        "Value": 0.0009304161707317073
      },
      {
        "Percentile": 99,
        "Value": 0.0017016971875
      },
      {
        "Percentile": 99.9,
        "Value": 0.0017437990187500003
      }
    ]
  },
  "RetCodes": {
    "200": 50
  },
  "Sizes": {
    "Count": 50,
    "Min": 96,
    "Max": 96,
    "Sum": 4800,
    "Avg": 96,
    "StdDev": 0,
    "Data": [
      {
        "Start": 96,
        "End": 96,
        "Percent": 100,
        "Count": 50
      }
    ],
    "Percentiles": null
  },
  "HeaderSizes": {
    "Count": 50,
    "Min": 83,
    "Max": 83,
    "Sum": 4150,
    "Avg": 83,
    "StdDev": 0,
    "Data": [
      {
        "Start": 83,
        "End": 83,
        "Percent": 100,
        "Count": 50
      }
    ],
    "Percentiles": null
  },
  "URL": "http://127.0.0.1:3305/hello"
}
