{
  "Labels": "4-Green-Lightning",
  "StartTime": "2018-01-15T12:44:02.583357962-05:00",
  "RequestedQPS": "1000",
  "RequestedDuration": "5s",
  "ActualQPS": 999.6609390013533,
  "ActualDuration": 5001695880,
  "NumThreads": 10,
  "Version": "0.6.0",
  "DurationHistogram": {
    "Count": 5000,
    "Min": 0.000165488,
    "Max": 0.004427333,
    "Sum": 3.3446024980000004,
    "Avg": 0.0006689204996000001,
    "StdDev": 0.0005345784642755765,
    "Data": [
      {
        "Start": 0.000165488,
        "End": 0.001,
        "Percent": 78.24,
        "Count": 3912
      },
      {
        "Start": 0.001,
        "End": 0.002,
        "Percent": 97.94,
        "Count": 985
      },
      {
        "Start": 0.002,
        "End": 0.003,
        "Percent": 99.24,
        "Count": 65
      },
      {
        "Start": 0.003,
        "End": 0.004,
        "Percent": 99.6,
        "Count": 18
      },
      {
        "Start": 0.004,
        "End": 0.004427333,
        "Percent": 100,
        "Count": 20
      }
    ],
    "Percentiles": [
      {
        "Percentile": 50,
        "Value": 0.0006987136425466632
      },
      {
        "Percentile": 75,
        "Value": 0.0009654331516236258
      },
      {
        "Percentile": 99,
        "Value": 0.002815384615384619
      },
      {
        "Percentile": 99.9,
        "Value": 0.004320499750000008
      }
    ]
  },
  "RetCodes": {
    "200": 5000
  },
  "Sizes": {
    "Count": 5000,
    "Min": 96,
    "Max": 96,
    "Sum": 480000,
    "Avg": 96,
    "StdDev": 0,
    "Data": [
      {
        "Start": 96,
        "End": 96,
        "Percent": 100,
        "Count": 5000
      }
    ],
    "Percentiles": null
  },
  "HeaderSizes": {
    "Count": 5000,
    "Min": 83,
    "Max": 83,
    "Sum": 415000,
    "Avg": 83,
    "StdDev": 0,
    "Data": [
      {
        "Start": 83,
        "End": 83,
        "Percent": 100,
        "Count": 5000
      }
    ],
    "Percentiles": null
  },
  "URL": "http://127.0.0.1:3305/hello"
}
