{
  "Labels": "5-Squall",
  "StartTime": "2018-01-15T12:44:22.732762328-05:00",
  "RequestedQPS": "1000",
  "RequestedDuration": "5s",
  "ActualQPS": 999.5245295796623,
  "ActualDuration": 5002378483,
  "NumThreads": 10,
  "Version": "0.6.0",
  "DurationHistogram": {
    "Count": 5000,
    "Min": 0.000157524,
    "Max": 0.008979676,
    "Sum": 4.395714112000001,
    "Avg": 0.0008791428224000003,
    "StdDev": 0.0007361580553767664,
    "Data": [
      {
        "Start": 0.000157524,
        "End": 0.001,
        "Percent": 82.86,
        "Count": 4143
      },
      {
        "Start": 0.001,
        "End": 0.002,
        "Percent": 95.18,
        "Count": 616
      },
      {
        "Start": 0.002,
        "End": 0.003,
        "Percent": 97.94,
        "Count": 138
      },
      {
        "Start": 0.003,
        "End": 0.004,
        "Percent": 98.9,
        "Count": 48
      },
      {
        "Start": 0.004,
        "End": 0.005,
        "Percent": 99.36,
        "Count": 23
      },
      {
        "Start": 0.005,
        "End": 0.006,
        "Percent": 99.54,
        "Count": 9
      },
      {
        "Start": 0.006,
        "End": 0.007,
        "Percent": 99.72,
        "Count": 9
      },
      {
        "Start": 0.007,
        "End": 0.008,
        "Percent": 99.74,
        "Count": 1
      },
      {
        "Start": 0.008,
        "End": 0.008979676,
        "Percent": 100,
        "Count": 13
      }
    ],
    "Percentiles": [
      {
        "Percentile": 50,
        "Value": 0.000665816497344278
      },
      {
        "Percentile": 75,
        "Value": 0.0009200644451955578
      },
      {
        "Percentile": 99,
        "Value": 0.004217391304347817
      },
      {
        "Percentile": 99.9,
        "Value": 0.008602877538461567
      }
    ]
  },
  "RetCodes": {
    "200": 5000
  },
  "Sizes": {
    "Count": 5000,
    "Min": 140,
    "Max": 140,
    "Sum": 700000,
    "Avg": 140,
    "StdDev": 0,
    "Data": [
      {
        "Start": 140,
        "End": 140,
        "Percent": 100,
        "Count": 5000
      }
    ],
    "Percentiles": null
  },
  "HeaderSizes": {
    "Count": 5000,
    "Min": 127,
    "Max": 127,
    "Sum": 635000,
    "Avg": 127,
    "StdDev": 0,
    "Data": [
      {
        "Start": 127,
        "End": 127,
        "Percent": 100,
        "Count": 5000
      }
    ],
    "Percentiles": null
  },
  "URL": "http://127.0.0.1:3306/hello"
}
