{
  "Labels": "5-Squall",
  "StartTime": "2018-01-15T12:44:17.682655876-05:00",
  "RequestedQPS": "10",
  "RequestedDuration": "5s",
  "ActualQPS": 9.989621225088392,
  "ActualDuration": 5005194779,
  "NumThreads": 1,
  "Version": "0.6.0",
  "DurationHistogram": {
    "Count": 50,
    "Min": 0.000703753,
    "Max": 0.001934058,
    "Sum": 0.051085329000000006,
    "Avg": 0.0010217065800000001,
    "StdDev": 0.00019507487688434746,
    "Data": [
      {
        "Start": 0.000703753,
        "End": 0.001,
        "Percent": 42,
        "Count": 21
      },
      {
        "Start": 0.001,
        "End": 0.001934058,
        "Percent": 100,
        "Count": 29
      }
    ],
    "Percentiles": [
      {
        "Percentile": 50,
        "Value": 0.0011288355862068965
      },
      {
        "Percentile": 75,
        "Value": 0.0015314467931034483
      },
      {
        "Percentile": 99,
        "Value": 0.0019179535517241377
      },
      {
        "Percentile": 99.9,
        "Value": 0.0019324475551724138
      }
    ]
  },
  "RetCodes": {
    "200": 50
  },
  "Sizes": {
    "Count": 50,
    "Min": 140,
    "Max": 140,
    "Sum": 7000,
    "Avg": 140,
    "StdDev": 0,
    "Data": [
      {
        "Start": 140,
        "End": 140,
        "Percent": 100,
        "Count": 50
      }
    ],
    "Percentiles": null
  },
  "HeaderSizes": {
    "Count": 50,
    "Min": 127,
    "Max": 127,
    "Sum": 6350,
    "Avg": 127,
    "StdDev": 0,
    "Data": [
      {
        "Start": 127,
        "End": 127,
        "Percent": 100,
        "Count": 50
      }
    ],
    "Percentiles": null
  },
  "URL": "http://127.0.0.1:3306/hello"
}
