{
  "Labels": "Green-Lightning-Telemetry",
  "StartTime": "2018-02-05T09:54:18.762806-05:00",
  "RequestedQPS": "10",
  "RequestedDuration": "5s",
  "ActualQPS": 9.989320473422058,
  "ActualDuration": 5005345472,
  "NumThreads": 1,
  "Version": "0.6.0",
  "DurationHistogram": {
    "Count": 50,
    "Min": 0.000371606,
    "Max": 0.004627885,
    "Sum": 0.029945163000000004,
    "Avg": 0.0005989032600000001,
    "StdDev": 0.0005894264118916223,
    "Data": [
      {
        "Start": 0.000371606,
        "End": 0.001,
        "Percent": 98,
        "Count": 49
      },
      {
        "Start": 0.004,
        "End": 0.004627885,
        "Percent": 100,
        "Count": 1
      }
    ],
    "Percentiles": [
      {
        "Percentile": 50,
        "Value": 0.000685803
      },
      {
        "Percentile": 75,
        "Value": 0.0008494472708333333
      },
      {
        "Percentile": 99,
        "Value": 0.0043139425
      },
      {
        "Percentile": 99.9,
        "Value": 0.004596490750000001
      }
    ]
  },
  "RetCodes": {
    "200": 50
  },
  "Sizes": {
    "Count": 50,
    "Min": 96,
    "Max": 96,
    "Sum": 4800,
    "Avg": 96,
    "StdDev": 0,
    "Data": [
      {
        "Start": 96,
        "End": 96,
        "Percent": 100,
        "Count": 50
      }
    ],
    "Percentiles": null
  },
  "HeaderSizes": {
    "Count": 50,
    "Min": 83,
    "Max": 83,
    "Sum": 4150,
    "Avg": 83,
    "StdDev": 0,
    "Data": [
      {
        "Start": 83,
        "End": 83,
        "Percent": 100,
        "Count": 50
      }
    ],
    "Percentiles": null
  },
  "URL": "http://127.0.0.1:3305/hello"
}
