{
  "Labels": "Green-Lightning-No-Telemetry",
  "StartTime": "2018-02-05T09:52:18.629171-05:00",
  "RequestedQPS": "10",
  "RequestedDuration": "5s",
  "ActualQPS": 9.998882106982451,
  "ActualDuration": 5000559009,
  "NumThreads": 1,
  "Version": "0.6.0",
  "DurationHistogram": {
    "Count": 50,
    "Min": 0.000357889,
    "Max": 0.008903577,
    "Sum": 0.03897346100000001,
    "Avg": 0.0007794692200000002,
    "StdDev": 0.0014595192954817867,
    "Data": [
      {
        "Start": 0.000357889,
        "End": 0.001,
        "Percent": 94,
        "Count": 47
      },
      {
        "Start": 0.001,
        "End": 0.002,
        "Percent": 96,
        "Count": 1
      },
      {
        "Start": 0.006,
        "End": 0.007,
        "Percent": 98,
        "Count": 1
      },
      {
        "Start": 0.008,
        "End": 0.008903577,
        "Percent": 100,
        "Count": 1
      }
    ],
    "Percentiles": [
      {
        "Percentile": 50,
        "Value": 0.0006929034347826087
      },
      {
        "Percentile": 75,
        "Value": 0.0008673901195652174
      },
      {
        "Percentile": 99,
        "Value": 0.0084517885
      },
      {
        "Percentile": 99.9,
        "Value": 0.008858398150000002
      }
    ]
  },
  "RetCodes": {
    "200": 50
  },
  "Sizes": {
    "Count": 50,
    "Min": 96,
    "Max": 96,
    "Sum": 4800,
    "Avg": 96,
    "StdDev": 0,
    "Data": [
      {
        "Start": 96,
        "End": 96,
        "Percent": 100,
        "Count": 50
      }
    ],
    "Percentiles": null
  },
  "HeaderSizes": {
    "Count": 50,
    "Min": 83,
    "Max": 83,
    "Sum": 4150,
    "Avg": 83,
    "StdDev": 0,
    "Data": [
      {
        "Start": 83,
        "End": 83,
        "Percent": 100,
        "Count": 50
      }
    ],
    "Percentiles": null
  },
  "URL": "http://127.0.0.1:3305/hello"
}
