{
  "Labels": "Green-Lightning-Telemetry",
  "StartTime": "2018-02-05T09:54:23.815063-05:00",
  "RequestedQPS": "1000",
  "RequestedDuration": "5s",
  "ActualQPS": 999.8917803127683,
  "ActualDuration": 5000541157,
  "NumThreads": 10,
  "Version": "0.6.0",
  "DurationHistogram": {
    "Count": 5000,
    "Min": 0.000166519,
    "Max": 0.008001141,
    "Sum": 2.5949472360000003,
    "Avg": 0.0005189894472000001,
    "StdDev": 0.0004725894156974142,
    "Data": [
      {
        "Start": 0.000166519,
        "End": 0.001,
        "Percent": 93.82,
        "Count": 4691
      },
      {
        "Start": 0.001,
        "End": 0.002,
        "Percent": 98.72,
        "Count": 245
      },
      {
        "Start": 0.002,
        "End": 0.003,
        "Percent": 99.4,
        "Count": 34
      },
      {
        "Start": 0.003,
        "End": 0.004,
        "Percent": 99.54,
        "Count": 7
      },
      {
        "Start": 0.004,
        "End": 0.005,
        "Percent": 99.8,
        "Count": 13
      },
      {
        "Start": 0.005,
        "End": 0.006,
        "Percent": 99.86,
        "Count": 3
      },
      {
        "Start": 0.006,
        "End": 0.007,
        "Percent": 99.92,
        "Count": 3
      },
      {
        "Start": 0.007,
        "End": 0.008,
        "Percent": 99.98,
        "Count": 3
      },
      {
        "Start": 0.008,
        "End": 0.008001141,
        "Percent": 100,
        "Count": 1
      }
    ],
    "Percentiles": [
      {
        "Percentile": 50,
        "Value": 0.0006106275328358209
      },
      {
        "Percentile": 75,
        "Value": 0.0008327706565031984
      },
      {
        "Percentile": 99,
        "Value": 0.0024117647058823507
      },
      {
        "Percentile": 99.9,
        "Value": 0.006666666666666746
      }
    ]
  },
  "RetCodes": {
    "200": 5000
  },
  "Sizes": {
    "Count": 5000,
    "Min": 96,
    "Max": 96,
    "Sum": 480000,
    "Avg": 96,
    "StdDev": 0,
    "Data": [
      {
        "Start": 96,
        "End": 96,
        "Percent": 100,
        "Count": 5000
      }
    ],
    "Percentiles": null
  },
  "HeaderSizes": {
    "Count": 5000,
    "Min": 83,
    "Max": 83,
    "Sum": 415000,
    "Avg": 83,
    "StdDev": 0,
    "Data": [
      {
        "Start": 83,
        "End": 83,
        "Percent": 100,
        "Count": 5000
      }
    ],
    "Percentiles": null
  },
  "URL": "http://127.0.0.1:3305/hello"
}
