{
  "Labels": "Green-Lightning-No-Telemetry",
  "StartTime": "2018-02-05T09:52:23.687454-05:00",
  "RequestedQPS": "1000",
  "RequestedDuration": "5s",
  "ActualQPS": 999.7217772294528,
  "ActualDuration": 5001391501,
  "NumThreads": 10,
  "Version": "0.6.0",
  "DurationHistogram": {
    "Count": 5000,
    "Min": 0.000166907,
    "Max": 0.020236883,
    "Sum": 3.608629004999999,
    "Avg": 0.0007217258009999998,
    "StdDev": 0.0013644832089256675,
    "Data": [
      {
        "Start": 0.000166907,
        "End": 0.001,
        "Percent": 90,
        "Count": 4500
      },
      {
        "Start": 0.001,
        "End": 0.002,
        "Percent": 95.94,
        "Count": 297
      },
      {
        "Start": 0.002,
        "End": 0.003,
        "Percent": 97.1,
        "Count": 58
      },
      {
        "Start": 0.003,
        "End": 0.004,
        "Percent": 97.72,
        "Count": 31
      },
      {
        "Start": 0.004,
        "End": 0.005,
        "Percent": 98.3,
        "Count": 29
      },
      {
        "Start": 0.005,
        "End": 0.006,
        "Percent": 98.56,
        "Count": 13
      },
      {
        "Start": 0.006,
        "End": 0.007,
        "Percent": 99.18,
        "Count": 31
      },
      {
        "Start": 0.007,
        "End": 0.008,
        "Percent": 99.2,
        "Count": 1
      },
      {
        "Start": 0.009000000000000001,
        "End": 0.01,
        "Percent": 99.4,
        "Count": 10
      },
      {
        "Start": 0.01,
        "End": 0.011,
        "Percent": 99.8,
        "Count": 20
      },
      {
        "Start": 0.018000000000000002,
        "End": 0.02,
        "Percent": 99.92,
        "Count": 6
      },
      {
        "Start": 0.02,
        "End": 0.020236883,
        "Percent": 100,
        "Count": 4
      }
    ],
    "Percentiles": [
      {
        "Percentile": 50,
        "Value": 0.0006296541453656367
      },
      {
        "Percentile": 75,
        "Value": 0.0008611203045121138
      },
      {
        "Percentile": 99,
        "Value": 0.00670967741935483
      },
      {
        "Percentile": 99.9,
        "Value": 0.019666666666666745
      }
    ]
  },
  "RetCodes": {
    "200": 5000
  },
  "Sizes": {
    "Count": 5000,
    "Min": 96,
    "Max": 96,
    "Sum": 480000,
    "Avg": 96,
    "StdDev": 0,
    "Data": [
      {
        "Start": 96,
        "End": 96,
        "Percent": 100,
        "Count": 5000
      }
    ],
    "Percentiles": null
  },
  "HeaderSizes": {
    "Count": 5000,
    "Min": 83,
    "Max": 83,
    "Sum": 415000,
    "Avg": 83,
    "StdDev": 0,
    "Data": [
      {
        "Start": 83,
        "End": 83,
        "Percent": 100,
        "Count": 5000
      }
    ],
    "Percentiles": null
  },
  "URL": "http://127.0.0.1:3305/hello"
}
