{
  "Labels": "Node",
  "StartTime": "2018-02-05T09:50:18.199892-05:00",
  "RequestedQPS": "1000",
  "RequestedDuration": "5s",
  "ActualQPS": 999.5474630823786,
  "ActualDuration": 5002263709,
  "NumThreads": 10,
  "Version": "0.6.0",
  "DurationHistogram": {
    "Count": 5000,
    "Min": 0.00022631,
    "Max": 0.009322748,
    "Sum": 6.558632255000003,
    "Avg": 0.0013117264510000006,
    "StdDev": 0.0008796459658870295,
    "Data": [
      {
        "Start": 0.00022631,
        "End": 0.001,
        "Percent": 40.82,
        "Count": 2041
      },
      {
        "Start": 0.001,
        "End": 0.002,
        "Percent": 87.86,
        "Count": 2352
      },
      {
        "Start": 0.002,
        "End": 0.003,
        "Percent": 96.12,
        "Count": 413
      },
      {
        "Start": 0.003,
        "End": 0.004,
        "Percent": 98.5,
        "Count": 119
      },
      {
        "Start": 0.004,
        "End": 0.005,
        "Percent": 99.26,
        "Count": 38
      },
      {
        "Start": 0.005,
        "End": 0.006,
        "Percent": 99.36,
        "Count": 5
      },
      {
        "Start": 0.006,
        "End": 0.007,
        "Percent": 99.48,
        "Count": 6
      },
      {
        "Start": 0.007,
        "End": 0.008,
        "Percent": 99.66,
        "Count": 9
      },
      {
        "Start": 0.008,
        "End": 0.009000000000000001,
        "Percent": 99.92,
        "Count": 13
      },
      {
        "Start": 0.009000000000000001,
        "End": 0.009322748,
        "Percent": 100,
        "Count": 4
      }
    ],
    "Percentiles": [
      {
        "Percentile": 50,
        "Value": 0.00119515306122449
      },
      {
        "Percentile": 75,
        "Value": 0.0017266156462585034
      },
      {
        "Percentile": 99,
        "Value": 0.004657894736842101
      },
      {
        "Percentile": 99.9,
        "Value": 0.008923076923076942
      }
    ]
  },
  "RetCodes": {
    "200": 5000
  },
  "Sizes": {
    "Count": 5000,
    "Min": 156,
    "Max": 156,
    "Sum": 780000,
    "Avg": 156,
    "StdDev": 0,
    "Data": [
      {
        "Start": 156,
        "End": 156,
        "Percent": 100,
        "Count": 5000
      }
    ],
    "Percentiles": null
  },
  "HeaderSizes": {
    "Count": 5000,
    "Min": 134,
    "Max": 134,
    "Sum": 670000,
    "Avg": 134,
    "StdDev": 0,
    "Data": [
      {
        "Start": 134,
        "End": 134,
        "Percent": 100,
        "Count": 5000
      }
    ],
    "Percentiles": null
  },
  "URL": "http://127.0.0.1:3301"
}
