{
  "Labels": "Node",
  "StartTime": "2018-02-05T09:50:13.149676-05:00",
  "RequestedQPS": "10",
  "RequestedDuration": "5s",
  "ActualQPS": 9.994854914553128,
  "ActualDuration": 5002573867,
  "NumThreads": 1,
  "Version": "0.6.0",
  "DurationHistogram": {
    "Count": 50,
    "Min": 0.000278171,
    "Max": 0.004641543,
    "Sum": 0.037585505000000005,
    "Avg": 0.0007517101000000001,
    "StdDev": 0.0009011792154008048,
    "Data": [
      {
        "Start": 0.000278171,
        "End": 0.001,
        "Percent": 86,
        "Count": 43
      },
      {
        "Start": 0.001,
        "End": 0.002,
        "Percent": 90,
        "Count": 2
      },
      {
        "Start": 0.002,
        "End": 0.003,
        "Percent": 94,
        "Count": 2
      },
      {
        "Start": 0.003,
        "End": 0.004,
        "Percent": 98,
        "Count": 2
      },
      {
        "Start": 0.004,
        "End": 0.004641543,
        "Percent": 100,
        "Count": 1
      }
    ],
    "Percentiles": [
      {
        "Percentile": 50,
        "Value": 0.0006906447142857143
      },
      {
        "Percentile": 75,
        "Value": 0.0009054747738095238
      },
      {
        "Percentile": 99,
        "Value": 0.0043207715
      },
      {
        "Percentile": 99.9,
        "Value": 0.004609465850000002
      }
    ]
  },
  "RetCodes": {
    "200": 50
  },
  "Sizes": {
    "Count": 50,
    "Min": 156,
    "Max": 156,
    "Sum": 7800,
    "Avg": 156,
    "StdDev": 0,
    "Data": [
      {
        "Start": 156,
        "End": 156,
        "Percent": 100,
        "Count": 50
      }
    ],
    "Percentiles": null
  },
  "HeaderSizes": {
    "Count": 50,
    "Min": 134,
    "Max": 134,
    "Sum": 6700,
    "Avg": 134,
    "StdDev": 0,
    "Data": [
      {
        "Start": 134,
        "End": 134,
        "Percent": 100,
        "Count": 50
      }
    ],
    "Percentiles": null
  },
  "URL": "http://127.0.0.1:3301"
}
