{
  "Labels": "Spring-Boot-Tomcat",
  "StartTime": "2018-02-05T09:50:56.940558-05:00",
  "RequestedQPS": "10",
  "RequestedDuration": "5s",
  "ActualQPS": 9.985803137744373,
  "ActualDuration": 5007108523,
  "NumThreads": 1,
  "Version": "0.6.0",
  "DurationHistogram": {
    "Count": 50,
    "Min": 0.001538645,
    "Max": 0.005684704,
    "Sum": 0.11147268600000002,
    "Avg": 0.0022294537200000003,
    "StdDev": 0.000689471634181045,
    "Data": [
      {
        "Start": 0.001538645,
        "End": 0.002,
        "Percent": 40,
        "Count": 20
      },
      {
        "Start": 0.002,
        "End": 0.003,
        "Percent": 96,
        "Count": 28
      },
      {
        "Start": 0.004,
        "End": 0.005,
        "Percent": 98,
        "Count": 1
      },
      {
        "Start": 0.005,
        "End": 0.005684704,
        "Percent": 100,
        "Count": 1
      }
    ],
    "Percentiles": [
      {
        "Percentile": 50,
        "Value": 0.0021785714285714286
      },
      {
        "Percentile": 75,
        "Value": 0.002625
      },
      {
        "Percentile": 99,
        "Value": 0.005342352
      },
      {
        "Percentile": 99.9,
        "Value": 0.005650468800000002
      }
    ]
  },
  "RetCodes": {
    "200": 50
  },
  "Sizes": {
    "Count": 50,
    "Min": 141,
    "Max": 141,
    "Sum": 7050,
    "Avg": 141,
    "StdDev": 0,
    "Data": [
      {
        "Start": 141,
        "End": 141,
        "Percent": 100,
        "Count": 50
      }
    ],
    "Percentiles": null
  },
  "HeaderSizes": {
    "Count": 50,
    "Min": 114,
    "Max": 114,
    "Sum": 5700,
    "Avg": 114,
    "StdDev": 0,
    "Data": [
      {
        "Start": 114,
        "End": 114,
        "Percent": 100,
        "Count": 50
      }
    ],
    "Percentiles": null
  },
  "URL": "http://127.0.0.1:3302"
}
