{
  "Labels": "Spring-Boot-Jetty",
  "StartTime": "2018-02-05T09:51:35.459376-05:00",
  "RequestedQPS": "10",
  "RequestedDuration": "5s",
  "ActualQPS": 9.990868535984612,
  "ActualDuration": 5004569905,
  "NumThreads": 1,
  "Version": "0.6.0",
  "DurationHistogram": {
    "Count": 50,
    "Min": 0.001421622,
    "Max": 0.004008246,
    "Sum": 0.09870206299999999,
    "Avg": 0.00197404126,
    "StdDev": 0.0005337605775957912,
    "Data": [
      {
        "Start": 0.001421622,
        "End": 0.002,
        "Percent": 66,
        "Count": 33
      },
      {
        "Start": 0.002,
        "End": 0.003,
        "Percent": 94,
        "Count": 14
      },
      {
        "Start": 0.003,
        "End": 0.004,
        "Percent": 98,
        "Count": 2
      },
      {
        "Start": 0.004,
        "End": 0.004008246,
        "Percent": 100,
        "Count": 1
      }
    ],
    "Percentiles": [
      {
        "Percentile": 50,
        "Value": 0.0018554055
      },
      {
        "Percentile": 75,
        "Value": 0.0023214285714285715
      },
      {
        "Percentile": 99,
        "Value": 0.004004123
      },
      {
        "Percentile": 99.9,
        "Value": 0.0040078337
      }
    ]
  },
  "RetCodes": {
    "200": 50
  },
  "Sizes": {
    "Count": 50,
    "Min": 143,
    "Max": 143,
    "Sum": 7150,
    "Avg": 143,
    "StdDev": 0,
    "Data": [
      {
        "Start": 143,
        "End": 143,
        "Percent": 100,
        "Count": 50
      }
    ],
    "Percentiles": null
  },
  "HeaderSizes": {
    "Count": 50,
    "Min": 116,
    "Max": 116,
    "Sum": 5800,
    "Avg": 116,
    "StdDev": 0,
    "Data": [
      {
        "Start": 116,
        "End": 116,
        "Percent": 100,
        "Count": 50
      }
    ],
    "Percentiles": null
  },
  "URL": "http://127.0.0.1:3303"
}
