{
  "Labels": "Spring-Boot-Tomcat",
  "StartTime": "2018-02-05T09:51:02.003012-05:00",
  "RequestedQPS": "1000",
  "RequestedDuration": "5s",
  "ActualQPS": 999.041164647599,
  "ActualDuration": 5004798778,
  "NumThreads": 10,
  "Version": "0.6.0",
  "DurationHistogram": {
    "Count": 5000,
    "Min": 0.000052461,
    "Max": 0.03456138,
    "Sum": 11.0392113,
    "Avg": 0.00220784226,
    "StdDev": 0.002110955196045177,
    "Data": [
      {
        "Start": 0.000052461,
        "End": 0.001,
        "Percent": 3.52,
        "Count": 176
      },
      {
        "Start": 0.001,
        "End": 0.002,
        "Percent": 66.72,
        "Count": 3160
      },
      {
        "Start": 0.002,
        "End": 0.003,
        "Percent": 85.6,
        "Count": 944
      },
      {
        "Start": 0.003,
        "End": 0.004,
        "Percent": 92.98,
        "Count": 369
      },
      {
        "Start": 0.004,
        "End": 0.005,
        "Percent": 94.98,
        "Count": 100
      },
      {
        "Start": 0.005,
        "End": 0.006,
        "Percent": 96.56,
        "Count": 79
      },
      {
        "Start": 0.006,
        "End": 0.007,
        "Percent": 97.16,
        "Count": 30
      },
      {
        "Start": 0.007,
        "End": 0.008,
        "Percent": 97.92,
        "Count": 38
      },
      {
        "Start": 0.008,
        "End": 0.009000000000000001,
        "Percent": 98.2,
        "Count": 14
      },
      {
        "Start": 0.009000000000000001,
        "End": 0.01,
        "Percent": 98.62,
        "Count": 21
      },
      {
        "Start": 0.01,
        "End": 0.011,
        "Percent": 98.9,
        "Count": 14
      },
      {
        "Start": 0.011,
        "End": 0.012,
        "Percent": 99.14,
        "Count": 12
      },
      {
        "Start": 0.012,
        "End": 0.014,
        "Percent": 99.3,
        "Count": 8
      },
      {
        "Start": 0.014,
        "End": 0.016,
        "Percent": 99.56,
        "Count": 13
      },
      {
        "Start": 0.016,
        "End": 0.018000000000000002,
        "Percent": 99.68,
        "Count": 6
      },
      {
        "Start": 0.018000000000000002,
        "End": 0.02,
        "Percent": 99.7,
        "Count": 1
      },
      {
        "Start": 0.02,
        "End": 0.025,
        "Percent": 99.88,
        "Count": 9
      },
      {
        "Start": 0.025,
        "End": 0.03,
        "Percent": 99.96,
        "Count": 4
      },
      {
        "Start": 0.03,
        "End": 0.03456138,
        "Percent": 100,
        "Count": 2
      }
    ],
    "Percentiles": [
      {
        "Percentile": 50,
        "Value": 0.0017354430379746837
      },
      {
        "Percentile": 75,
        "Value": 0.0024385593220338985
      },
      {
        "Percentile": 99,
        "Value": 0.011416666666666651
      },
      {
        "Percentile": 99.9,
        "Value": 0.02625000000000067
      }
    ]
  },
  "RetCodes": {
    "-1": 40,
    "200": 4960
  },
  "Sizes": {
    "Count": 5000,
    "Min": 0,
    "Max": 160,
    "Sum": 700120,
    "Avg": 140.024,
    "StdDev": 12.687924337731564,
    "Data": [
      {
        "Start": 0,
        "End": 0,
        "Percent": 0.8,
        "Count": 40
      },
      {
        "Start": 100,
        "End": 160,
        "Percent": 100,
        "Count": 4960
      }
    ],
    "Percentiles": null
  },
  "HeaderSizes": {
    "Count": 5000,
    "Min": 0,
    "Max": 133,
    "Sum": 566200,
    "Avg": 113.24,
    "StdDev": 10.309141574350408,
    "Data": [
      {
        "Start": 0,
        "End": 0,
        "Percent": 0.8,
        "Count": 40
      },
      {
        "Start": 100,
        "End": 125,
        "Percent": 99.2,
        "Count": 4920
      },
      {
        "Start": 125,
        "End": 133,
        "Percent": 100,
        "Count": 40
      }
    ],
    "Percentiles": null
  },
  "URL": "http://127.0.0.1:3302"
}
