{
  "Labels": "Spring-Boot-Jetty",
  "StartTime": "2018-02-05T09:51:40.542387-05:00",
  "RequestedQPS": "1000",
  "RequestedDuration": "5s",
  "ActualQPS": 999.0564868577743,
  "ActualDuration": 5004722021,
  "NumThreads": 10,
  "Version": "0.6.0",
  "DurationHistogram": {
    "Count": 5000,
    "Min": 0.000519649,
    "Max": 0.028631823,
    "Sum": 7.885961079000001,
    "Avg": 0.0015771922158000003,
    "StdDev": 0.0013711730252917243,
    "Data": [
      {
        "Start": 0.000519649,
        "End": 0.001,
        "Percent": 29.68,
        "Count": 1484
      },
      {
        "Start": 0.001,
        "End": 0.002,
        "Percent": 79.84,
        "Count": 2508
      },
      {
        "Start": 0.002,
        "End": 0.003,
        "Percent": 91.3,
        "Count": 573
      },
      {
        "Start": 0.003,
        "End": 0.004,
        "Percent": 97,
        "Count": 285
      },
      {
        "Start": 0.004,
        "End": 0.005,
        "Percent": 98.28,
        "Count": 64
      },
      {
        "Start": 0.005,
        "End": 0.006,
        "Percent": 99.04,
        "Count": 38
      },
      {
        "Start": 0.006,
        "End": 0.007,
        "Percent": 99.54,
        "Count": 25
      },
      {
        "Start": 0.007,
        "End": 0.008,
        "Percent": 99.7,
        "Count": 8
      },
      {
        "Start": 0.009000000000000001,
        "End": 0.01,
        "Percent": 99.74,
        "Count": 2
      },
      {
        "Start": 0.011,
        "End": 0.012,
        "Percent": 99.78,
        "Count": 2
      },
      {
        "Start": 0.014,
        "End": 0.016,
        "Percent": 99.86,
        "Count": 4
      },
      {
        "Start": 0.016,
        "End": 0.018000000000000002,
        "Percent": 99.9,
        "Count": 2
      },
      {
        "Start": 0.02,
        "End": 0.025,
        "Percent": 99.92,
        "Count": 1
      },
      {
        "Start": 0.025,
        "End": 0.028631823,
        "Percent": 100,
        "Count": 4
      }
    ],
    "Percentiles": [
      {
        "Percentile": 50,
        "Value": 0.001405103668261563
      },
      {
        "Percentile": 75,
        "Value": 0.0019035087719298247
      },
      {
        "Percentile": 99,
        "Value": 0.005947368421052624
      },
      {
        "Percentile": 99.9,
        "Value": 0.018000000000000002
      }
    ]
  },
  "RetCodes": {
    "200": 5000
  },
  "Sizes": {
    "Count": 5000,
    "Min": 143,
    "Max": 143,
    "Sum": 715000,
    "Avg": 143,
    "StdDev": 0,
    "Data": [
      {
        "Start": 143,
        "End": 143,
        "Percent": 100,
        "Count": 5000
      }
    ],
    "Percentiles": null
  },
  "HeaderSizes": {
    "Count": 5000,
    "Min": 116,
    "Max": 116,
    "Sum": 580000,
    "Avg": 116,
    "StdDev": 0,
    "Data": [
      {
        "Start": 116,
        "End": 116,
        "Percent": 100,
        "Count": 5000
      }
    ],
    "Percentiles": null
  },
  "URL": "http://127.0.0.1:3303"
}
