{
  "Labels": "Squall",
  "StartTime": "2018-02-05T09:52:52.519613-05:00",
  "RequestedQPS": "1000",
  "RequestedDuration": "5s",
  "ActualQPS": 999.8321145902436,
  "ActualDuration": 5000839568,
  "NumThreads": 10,
  "Version": "0.6.0",
  "DurationHistogram": {
    "Count": 5000,
    "Min": 0.000158646,
    "Max": 0.015145852,
    "Sum": 4.15231191,
    "Avg": 0.000830462382,
    "StdDev": 0.0008439879352017882,
    "Data": [
      {
        "Start": 0.000158646,
        "End": 0.001,
        "Percent": 84.12,
        "Count": 4206
      },
      {
        "Start": 0.001,
        "End": 0.002,
        "Percent": 95.46,
        "Count": 567
      },
      {
        "Start": 0.002,
        "End": 0.003,
        "Percent": 97.92,
        "Count": 123
      },
      {
        "Start": 0.003,
        "End": 0.004,
        "Percent": 99.04,
        "Count": 56
      },
      {
        "Start": 0.004,
        "End": 0.005,
        "Percent": 99.56,
        "Count": 26
      },
      {
        "Start": 0.005,
        "End": 0.006,
        "Percent": 99.7,
        "Count": 7
      },
      {
        "Start": 0.006,
        "End": 0.007,
        "Percent": 99.8,
        "Count": 5
      },
      {
        "Start": 0.012,
        "End": 0.014,
        "Percent": 99.94,
        "Count": 7
      },
      {
        "Start": 0.014,
        "End": 0.015145852,
        "Percent": 100,
        "Count": 3
      }
    ],
    "Percentiles": [
      {
        "Percentile": 50,
        "Value": 0.0006586563795481569
      },
      {
        "Percentile": 75,
        "Value": 0.0009087616114149821
      },
      {
        "Percentile": 99,
        "Value": 0.003964285714285709
      },
      {
        "Percentile": 99.9,
        "Value": 0.013428571428571545
      }
    ]
  },
  "RetCodes": {
    "200": 5000
  },
  "Sizes": {
    "Count": 5000,
    "Min": 139,
    "Max": 139,
    "Sum": 695000,
    "Avg": 139,
    "StdDev": 0,
    "Data": [
      {
        "Start": 139,
        "End": 139,
        "Percent": 100,
        "Count": 5000
      }
    ],
    "Percentiles": null
  },
  "HeaderSizes": {
    "Count": 5000,
    "Min": 126,
    "Max": 126,
    "Sum": 630000,
    "Avg": 126,
    "StdDev": 0,
    "Data": [
      {
        "Start": 126,
        "End": 126,
        "Percent": 100,
        "Count": 5000
      }
    ],
    "Percentiles": null
  },
  "URL": "http://127.0.0.1:3306/hello"
}
