{
  "Labels": "Squall",
  "StartTime": "2018-02-05T09:52:47.470576-05:00",
  "RequestedQPS": "10",
  "RequestedDuration": "5s",
  "ActualQPS": 9.99749289271632,
  "ActualDuration": 5001253868,
  "NumThreads": 1,
  "Version": "0.6.0",
  "DurationHistogram": {
    "Count": 50,
    "Min": 0.000839664,
    "Max": 0.001160428,
    "Sum": 0.049517710999999985,
    "Avg": 0.0009903542199999997,
    "StdDev": 0.00008579202506207719,
    "Data": [
      {
        "Start": 0.000839664,
        "End": 0.001,
        "Percent": 56,
        "Count": 28
      },
      {
        "Start": 0.001,
        "End": 0.001160428,
        "Percent": 100,
        "Count": 22
      }
    ],
    "Percentiles": [
      {
        "Percentile": 50,
        "Value": 0.0009821848888888888
      },
      {
        "Percentile": 75,
        "Value": 0.0010692757272727272
      },
      {
        "Percentile": 99,
        "Value": 0.001156781909090909
      },
      {
        "Percentile": 99.9,
        "Value": 0.001160063390909091
      }
    ]
  },
  "RetCodes": {
    "200": 50
  },
  "Sizes": {
    "Count": 50,
    "Min": 139,
    "Max": 139,
    "Sum": 6950,
    "Avg": 139,
    "StdDev": 0,
    "Data": [
      {
        "Start": 139,
        "End": 139,
        "Percent": 100,
        "Count": 50
      }
    ],
    "Percentiles": null
  },
  "HeaderSizes": {
    "Count": 50,
    "Min": 126,
    "Max": 126,
    "Sum": 6300,
    "Avg": 126,
    "StdDev": 0,
    "Data": [
      {
        "Start": 126,
        "End": 126,
        "Percent": 100,
        "Count": 50
      }
    ],
    "Percentiles": null
  },
  "URL": "http://127.0.0.1:3306/hello"
}
